Gender,sentiment
M,0.01968914223669924
W,0.011586641221374048
