Time,sentiment
day,-0.026533636363636367
morning,0.028142610062893078
night,0.01416338672768879
